"FYear","QuarterID","Seq_Quarter","SAMPLE_ID","Mean_Sample_Weight","Sample_Weight","MeanXSample"
1956,19561,1,57831,2.2541454859449,405.746187470083,914.610936925042
1956,19561,1,57834,1.66860605386352,383.779392388609,640.376617487696
1956,19561,1,57841,1.45676245995788,393.325864188627,572.982353480481
1956,19561,1,57848,2.48310249950568,335.218837433266,832.382733111931
1956,19562,2,57851,1.96529720188689,279.072202667939,548.459819027713
1956,19562,2,57852,1.80508064028377,406.143144063848,733.121126533632
1956,19564,3,57859,2.84750135327387,449.905213817272,1281.10570518965
1957,19571,4,57862,2.14653732749349,373.497494983868,801.726314708187
1957,19571,4,57868,2.4271356447018,412.613059599306,1001.46786442295
1957,19571,4,57872,2.32265293861101,320.526105528319,744.470900906891
1957,19571,4,57875,2.3691642067578,829.207472365228,1964.5286635038
1957,19571,4,57877,1.96331189639996,753.911768217584,1480.16394337751
1957,19571,4,57878,2.15588364847286,830.015204662053,1789.41620771478
1957,19571,4,57880,2.1930527664168,905.730792530138,1986.3154201871
1957,19571,4,57882,2.1172823358887,789.746311286484,1672.11591472013
1957,19571,4,57884,2.20966029434934,782.219744199667,1728.4399102141
1957,19571,4,57885,1.74159599729375,614.783387044695,1070.70428607974
1957,19571,4,57886,1.61045732205129,343.027409596924,552.431003449652
1957,19572,5,57887,1.98431670712934,434.565358861326,862.315301928189
1957,19572,5,57889,1.90857097027681,196.582809938511,375.192244304086
1957,19572,5,57890,1.87244796089042,587.948659719591,1100.9032690002
1957,19572,5,57892,2.50157312751629,697.938902577045,1745.94520333495
1957,19572,5,57893,1.92991210188099,779.684489159921,1504.72253127863
1957,19572,5,57894,2.15797479768781,591.285094566461,1275.97833232288
1957,19572,5,57895,2.06758036390978,643.017493175941,1329.49034254107
1957,19572,5,57896,1.65943909842737,386.649309933577,641.62098228374
1957,19572,5,57898,1.94428387920172,633.836544619762,1232.35817575313
1957,19572,5,57900,2.1175648588864,417.16027720062,883.36394352334
1957,19572,5,57901,2.63168250200934,421.069200321495,1108.12044662115
1957,19572,5,57902,2.57523830164722,401.737175056966,1034.56896040225
1957,19574,6,57920,2.56095908513218,501.947980685906,1285.46824140132
1958,19581,7,57924,3.17816367137975,460.833732350063,1464.60502670131
1958,19581,7,57925,2.51417230179973,450.036842022151,1131.47016300151
1958,19581,7,57930,3.1653831338408,439.988255603871,1392.73140337653
1958,19581,7,57931,2.64045369227358,979.608319833499,2586.61040508628
1958,19581,7,57932,2.85976367535252,889.386503034635,2543.43521472726
1958,19581,7,57934,2.98375287765606,343.131580930447,1023.81984201589
1958,19581,7,57935,2.95414051010079,679.452317323182,2007.19761528627
1958,19581,7,57937,2.68139289800587,439.748435272963,1179.13833125012
1958,19581,7,57938,2.36110057196179,691.802467584804,1633.41520189906
1958,19581,7,57940,2.99217332152878,873.714609886404,2614.30554633202
1958,19581,7,57941,2.35024252870129,49.3550931027271,115.996438818041
1958,19581,7,57942,2.83400059321317,785.018164320048,2224.74194336613
1958,19581,7,57943,2.56755679959284,813.91550547093,2089.77429036593
1958,19581,7,57944,2.1756595063966,785.413081809173,1708.79143788638
1958,19581,7,57946,2.39257642085709,387.597380178849,927.356352601897
1958,19581,7,57949,2.91732807901714,390.921962588297,1140.44761816332
1958,19581,7,57954,2.40842053993989,380.530445310503,916.477340558287
1958,19582,8,57955,3.25579120805543,729.297230604416,2374.43951146103
1958,19582,8,57957,2.59265277230758,795.944401098428,2063.60745811054
1958,19582,8,57958,2.97745952656012,857.508343649314,2553.19638690344
1959,19591,9,58461,2.89747304626299,394.056334291766,1141.76760731959
1959,19591,9,58462,3.13247845781787,523.123902455585,1638.67435521174
1959,19591,9,58469,2.14916364942756,909.096223707859,1953.7965578248
1959,19591,9,58472,2.37273574228835,868.421281677537,2060.53421440015
1959,19591,9,58473,2.66378558055667,756.515104878095,2015.19402784759
1959,19591,9,58474,2.44529765656042,393.692922706228,962.696381297962
1959,19591,9,58481,2.63361389472136,853.290901889719,2247.23877545608
1959,19591,9,58482,2.68806556276925,365.576916536618,982.694719885454
1959,19591,9,58484,2.85875101049117,1154.93540823843,3301.67276535364
1959,19591,9,58487,2.39313950860734,914.179292288004,2187.75858232512
1959,19591,9,58490,3.23698992529034,861.03932012723,2787.17560453069
1959,19591,9,58491,2.27081440326077,551.807899992367,1253.05332713575
1959,19592,10,58492,2.26990919458465,676.432939986225,1535.44134999466
1959,19592,10,58496,3.11724496821733,751.256037340378,2341.84910224219
1959,19592,10,58499,2.89350910468169,787.034476473419,2277.29142337422
1959,19592,10,58500,1.86243922905366,622.054702503922,1158.53908056061
1960,19601,11,58529,3.42038044769101,735.381796253567,2515.28551749359
1960,19601,11,58530,2.26319615656064,414.164896650598,937.33640228197
1960,19601,11,58531,3.41547524308146,474.751058788322,1621.50048791822
1960,19601,11,58533,2.91743184356059,417.192753629164,1217.13142434045
1960,19601,11,58534,2.08360560974281,475.06207902136,989.842012824987
1960,19601,11,58535,3.06260495744196,854.466783126307,2616.89420597211
1960,19601,11,58537,3.40096739372772,1054.29989205559,3585.63955609173
1960,19601,11,58538,2.16067232887321,676.290438937316,1461.24203769338
1960,19601,11,58539,3.20020786590422,412.826814701644,1321.13161966438
1960,19601,11,58542,3.53364836430836,837.474662341082,2959.34097073126
1960,19601,11,58546,3.28967686628952,651.356019525325,2142.75082915088
1960,19602,12,58549,4.19204272717774,1161.19583542823,4867.78255673601
1960,19602,12,58553,2.55027825793339,864.54432943942,2204.82860638896
1960,19602,12,58556,3.56572673584337,784.459881885542,2797.16957403581
1960,19602,12,58557,4.32148045410199,790.830923100664,3417.56037667895
1960,19602,12,58558,3.64278676452776,954.410132306274,3476.71259789648
1960,19602,12,58560,4.50183290861344,1287.52421186344,5796.21886760343
1960,19602,12,58569,3.68634996678179,1492.97173654663,5503.61631142481
1960,19602,12,58573,3.18470429347524,936.303062281722,2981.84838244262
1960,19602,12,58576,3.28823947822312,463.64176642946,1524.56516012645
1960,19602,12,58577,3.336445943007,447.083756362939,1491.67078510146
1960,19603,13,58579,2.81104460833419,728.060553558554,2046.61069362158
1961,19611,14,58877,4.87147996314743,891.480833255979,4342.83101673648
1961,19611,14,58881,4.70556532188063,748.18488617902,3520.6328547592
1961,19611,14,58889,4.52092003184219,1189.0019683745,5375.38281672406
1961,19611,14,58894,2.36893088641001,871.766566198883,2065.15474440813
1961,19611,14,58896,3.93889655788671,1252.56910540797,4933.74013780669
1961,19611,14,58897,4.47001930725269,1412.52610109185,6314.01894387894
1961,19611,14,58900,4.09268361626589,1105.02457639179,4522.51597936984
1961,19611,14,58902,3.28506035173488,1047.93425220343,3442.52726313841
1961,19611,14,58903,3.11967515959289,436.754522343004,1362.53223419333
1961,19611,14,58905,3.26915492228345,474.0274637311,1549.66921635407
1961,19611,14,58906,3.00016665178934,1458.08099276962,4374.48597011532
1961,19611,14,58908,3.23522119231906,1177.62051400414,3809.86284341586
1961,19611,14,58910,3.32362654946093,840.877517013616,2794.76284039124
1961,19611,14,58912,2.26957307833369,885.133500550139,2008.87516357985
1961,19612,15,58916,3.7469011500922,310.992795457653,1165.25926297067
1961,19612,15,58922,3.918308964821,783.661792964199,3070.62902875932
1961,19612,15,58924,4.18287266842531,782.197188995534,3271.83124316853
1961,19614,16,58957,3.43458817968472,1102.5028056788,3786.64310445364
1962,19621,17,58959,2.94327475007917,844.719853272722,2486.24261502818
1962,19621,17,58962,2.80346316876857,636.386139310466,1784.08510267172
1962,19621,17,58969,4.18301162947879,610.719697903904,2554.64759868381
1962,19621,17,58973,2.35953948024231,476.626975008946,1124.62016488207
1962,19621,17,58974,2.53033133349452,242.911808015474,614.647359097361
1962,19621,17,58975,5.76725033232721,1557.15758972835,8980.51762684663
1962,19621,17,58980,5.86027285326877,1242.37784489298,7280.67315792887
1962,19621,17,58981,5.23525454606384,1717.16349110894,8989.78797316292
1962,19622,18,58982,5.49756367027978,1473.34706363498,8099.81929075306
1962,19622,18,58986,5.70938166726994,1849.83966019546,10561.4406433088
1962,19622,18,58989,1.88875848813887,723.394500957188,1366.31750395587
1962,19622,18,58990,2.52379485519778,421.47374081803,1063.71325867751
1962,19622,18,58994,2.63916948756071,831.338388581623,2194.04290898251
1962,19622,18,58995,2.41290903155002,632.182166266105,1525.39805856834
1962,19624,19,59914,3.04919294473308,582.395852444018,1775.8373243141
1963,19631,20,59918,2.93770657870885,734.426644677213,2157.52998564732
1963,19631,20,59919,1.6820922889514,447.436548861073,752.629568634239
1963,19631,20,59928,1.92553551630917,631.575649349408,1216.12134405831
1963,19631,20,59931,2.37483783876545,710.076513790869,1686.31657336921
1963,19631,20,59935,2.029174981134,381.484896453191,774.099607563308
1963,19631,20,59939,1.7515114517085,378.326473569036,662.643150940659
1963,19631,20,59940,2.59819332406165,844.412830320035,2193.94777848951
1963,19631,20,59942,2.79064298196787,926.493470013334,2585.51249993177
1963,19632,21,59946,2.30942473376725,711.302818000314,1642.70032108827
1963,19632,21,59947,2.59402392573151,459.142234854478,1191.02594252635
1963,19632,21,59951,2.89130352958788,708.36936474903,2048.11084455079
1963,19632,21,59953,2.61965013835048,854.005945102256,2237.19679223926
1964,19641,22,60007,3.36373606665728,723.203254331315,2432.66487011816
1964,19641,22,60011,1.99857953579563,435.690338803448,870.761795076436
1964,19641,22,60017,2.09128498280984,428.713421476018,896.561940261822
1964,19641,22,60020,2.14186047069937,850.318606867649,1821.26381154997
1964,19641,22,60023,1.70701627906546,179.236709301873,305.95998058442
1964,19641,22,60025,2.88852317810674,493.937463456253,1426.74981172864
1964,19641,22,60026,1.51833964818574,437.281818677493,663.942322728804
1964,19641,22,60029,1.74495199984862,401.338959965182,700.317220808407
1964,19641,22,60031,2.00905435343992,711.205241117732,1428.84998585687
1964,19641,22,60033,2.09001692747382,369.932996162867,773.1662240115
1964,19642,23,60043,3.07385883952658,544.073014596204,1672.40364526441
1964,19642,23,60044,2.57177471478483,815.252584586792,2096.64598320329
1964,19642,23,60046,2.74140917157135,918.372072476404,2517.63362240181
1964,19642,23,60049,3.37261683964161,819.545892032911,2764.0142763293
1964,19642,23,60050,2.4362495108643,321.584935434087,783.461141652622
1964,19642,23,60051,2.90380173200442,740.469441661128,2150.17644719193
1964,19642,23,60052,2.96607842228359,883.89136984051,2621.69111972662
1964,19642,23,60055,2.62780007034468,515.048813787557,1353.44530910189
1964,19642,23,60058,2.94191035789263,588.382071578526,1730.96731077519
1964,19642,23,60059,2.77861281794377,828.026619747245,2300.76537922835
1964,19642,23,60065,2.77468966071028,421.752828427962,1170.23321241438
1964,19642,23,60067,2.07088190179429,465.948427903714,964.924166515302
1964,19643,24,60070,2.22015752435306,401.848511907904,892.166997362415
1964,19643,24,60073,2.14606489388871,366.977096854969,787.556664421646
1965,19651,25,60544,2.52332962640417,817.55879895495,2062.97033873043
1965,19651,25,60550,2.90600686246779,476.585125444717,1384.95964509242
1965,19651,25,60560,2.34975108417034,766.018853439531,1799.95363136446
1965,19651,25,60563,2.99749390982017,815.318343471086,2443.91176911925
1965,19651,25,60568,3.33177455865827,722.995079228845,2408.85661100979
1965,19651,25,60572,2.75764316728766,813.504734349858,2243.35577223605
1965,19651,25,60574,2.28924244410036,654.723339012702,1498.82045681098
1965,19651,25,60576,2.28027124575452,736.527612378709,1679.4827362114
1965,19651,25,60579,3.17274148537763,456.874773894378,1449.54554875722
1965,19651,25,60580,2.51416722284409,437.465096774871,1099.8604074497
1965,19651,25,60581,3.14042361605427,901.301577807575,2830.46876013388
1965,19652,26,60586,3.4333869564971,916.714317384726,3147.43498014286
1965,19652,26,60590,3.62115230592336,800.274659609062,2897.91642901539
1965,19652,26,60599,2.52423815767373,843.095544663025,2128.17394440312
1965,19652,26,60604,1.91335524167478,392.237824543329,750.490297573089
1965,19653,27,60611,1.99717846808922,505.286152426572,1009.14662385
1965,19654,28,60912,2.40887370602152,457.68600414409,1102.50778099676
1966,19661,29,60918,2.81698370578284,515.50801815826,1452.17768735222
1966,19661,29,60938,2.00454434131978,453.02702113827,908.112751687675
1966,19661,29,60949,2.23986813703861,692.11925434493,1550.25586483813
1966,19661,29,60950,2.42899887731643,427.503802407692,1038.40625609679
1966,19661,29,60958,2.68875928625124,793.183989444115,2132.68081732367
1966,19661,29,60959,2.7760112535833,874.44354487874,2427.46512120666
1966,19661,29,60965,3.65801931486226,691.365650508967,2529.02890319411
1966,19661,29,60966,1.82415029727856,434.147770752297,791.950785080627
1966,19661,29,60967,3.43063693728364,720.433756829565,2471.54665704553
1966,19661,29,60969,2.2343167256614,455.800612034926,1018.40293103634
1966,19661,29,60974,2.96593658136153,943.167832872965,2797.3759778814
1966,19661,29,60978,1.93540947660046,423.8546753755,820.332355423152
1966,19662,30,60980,4.22871329731053,811.912953083621,3433.34710096337
1966,19662,30,60983,2.01704000552829,478.038481310205,964.222740984673
1966,19662,30,60985,2.02235410142471,406.493174386366,822.073138421417
1966,19662,30,60986,1.91787670157229,429.604381152193,823.928233505172
1966,19662,30,60988,2.54782948217056,507.018066951941,1291.79557897328
1966,19662,30,60989,1.76126864911955,482.587609858757,849.966427697767
1966,19662,30,60991,2.09581390017848,431.737663436767,904.841796261353
1966,19662,30,60994,3.34102912083627,725.003319221472,2422.25720222189
1966,19662,30,60995,1.72768011573418,381.817305577254,659.658166689025
1966,19662,30,60999,2.25119646484745,513.272793985218,1155.47789932189
1966,19662,30,61001,2.0513302256557,416.420035808107,854.215006021798
1966,19662,30,61016,2.33903615967928,299.396628438948,700.299540004764
1966,19663,31,61018,2.15886054952074,895.927128051108,1934.18173199496
1966,19664,32,61443,2.50399236299386,658.549991467385,1649.004149284
1966,19664,32,61451,3.18180021718053,594.99664061276,1893.16044032337
1967,19671,33,61453,2.82259624807605,911.698588128566,2573.35701422792
1967,19671,33,61455,2.89516342513604,1082.79112100088,3134.85725058379
1967,19671,33,61464,2.84854216040343,789.046178431751,2247.63130576805
1967,19671,33,61465,2.23151462732576,798.882236582621,1782.71739644483
1967,19671,33,61470,2.37025964985418,504.865305418941,1196.66186204582
1967,19671,33,61475,2.80896772990884,573.029416901404,1609.62114036453
1967,19671,33,61477,2.46041041513433,514.225776763075,1265.20645687841
1967,19671,33,61478,3.91799830736053,1006.92556499166,3945.13265927536
1967,19671,33,61479,2.4332663900721,462.320614113699,1124.94921176036
1967,19671,33,61482,2.8344475478679,816.320893785954,2313.81875566493
1967,19671,33,61483,2.90735849321665,462.270000421448,1343.98461188456
1967,19671,33,61484,3.50175284822649,861.431200663716,3016.51916047533
1967,19671,33,61486,2.51878693802791,516.351322295721,1300.5789660319
1967,19672,34,61488,2.37729054612555,477.835399771236,1135.95357848029
1967,19672,34,61492,2.50142117189193,985.559941725421,2465.30050440055
1967,19672,34,61493,2.95919616603445,739.799041508612,2189.21048726825
1967,19672,34,61497,4.35764701625431,1010.974107771,4405.46830423866
1967,19672,34,61499,2.51450932936482,950.484526499904,2390.00220930092
1967,19672,34,61500,2.8361100479602,476.466488057314,1351.31139429566
1967,19672,34,61511,2.56206677889055,499.603021883658,1280.01630500145
1967,19673,35,61514,2.82499829188459,618.674625922726,1747.75476146404
1967,19673,35,61517,2.02462306681171,390.75225189466,791.12602259455
1967,19673,35,61520,2.6421525429752,443.881627219833,1172.80297013885
1967,19673,35,61521,2.92948793633287,679.641201229226,1991.0007000358
1967,19673,35,61523,2.37588374267512,477.5526322777,1134.6095353003
1967,19673,35,61533,3.0751003835702,445.889555617679,1371.15514350987
1967,19674,36,61553,3.74541098625944,1209.7677485618,4531.07741628571
1968,19681,37,61562,2.31868394224716,524.022570947858,1215.04272063187
1968,19681,37,61563,3.58568043510313,706.379045715317,2532.84952398823
1968,19681,37,61564,3.63873236650285,971.541541856262,3535.17965375447
1968,19681,37,61573,3.29664099514052,893.389709683081,2945.18514157793
1968,19681,37,61575,2.92226923975504,911.748002803571,2664.37314300096
1968,19681,37,61579,1.8450591852424,477.87032897778,881.699039835259
1968,19681,37,61580,2.93024469762234,849.770962310477,2490.03685650371
1968,19681,37,61585,2.72610215815175,627.003496374903,1709.27558463632
1968,19681,37,61589,2.6634647861174,492.740985431719,1312.39826337417
1968,19681,37,61591,1.88954216120207,464.827371655709,878.310916424204
1968,19681,37,61592,2.75402314060955,570.082790106177,1570.02119601567
1968,19681,37,61595,2.17884763984358,455.379156727309,992.201800869259
1968,19681,37,61596,2.26893845729393,469.670260659844,1065.65291665839
1968,19681,37,61597,2.79516752772047,631.707861264826,1765.72930081319
1968,19682,38,61599,2.27043118301974,331.482952720883,752.609232496951
1968,19682,38,61602,2.44388673075696,725.834359034818,1773.85695877268
1968,19682,38,61604,2.93325212896121,530.918635341979,1557.31821742204
1968,19682,38,61606,2.81000073669053,472.080123764008,1326.54549555382
1968,19682,38,61609,1.80225354037531,434.34310323045,782.796395534677
1968,19682,38,61615,2.09567096645189,437.995231988444,917.893891122541
1968,19684,39,62015,3.27173827309538,929.173669559089,3040.01305704895
1969,19691,40,62027,3.16368837866397,949.106513599192,3002.67724718805
1969,19691,40,62030,3.50138696984419,462.183080019434,1618.2818140625
1969,19691,40,62035,3.24369727489776,823.899107824032,2672.47929083951
1969,19691,40,62041,1.91890387978734,203.403811257458,390.312362585469
1969,19691,40,62042,2.28812008592853,549.148820622846,1256.5184466311
1969,19691,40,62045,1.96496057390626,503.029906920003,988.433934593544
1969,19691,40,62046,4.31093195555119,1000.13621368788,4311.51916349104
1969,19691,40,62048,2.38803109088099,460.890000540032,1100.61965076576
1969,19691,40,62051,1.44556648636051,407.649749153664,589.284815549806
1969,19692,41,62052,2.46662100858024,441.525160535862,1089.07523679452
1969,19692,41,62054,3.15207764838913,586.286442600378,1848.02039127423
1969,19692,41,62057,1.99372073043937,438.618560696661,874.482917216411
1969,19693,42,62072,2.15321901985564,178.717178648018,384.817228239851
1969,19693,42,62073,1.90669086521749,444.258971595676,847.064522932392
1970,19701,43,62101,1.9893715457996,433.682996984313,862.756614097685
1970,19701,43,62111,1.78178719582838,513.154712398573,914.332496030772
1970,19701,43,62112,2.26282461672397,481.981643362206,1090.63992740907
1970,19702,44,62114,2.01004881765404,450.250935154505,905.026359854937
1971,19711,45,62166,1.96299782193873,376.895581812236,739.845206195749
1971,19711,45,62174,2.01008758129418,428.148654815661,860.61629399277
1971,19711,45,62175,1.95916082230016,454.525310773636,890.48818161151
1971,19712,46,62178,1.58085872929388,463.191607683107,732.240496341507
1971,19712,46,62180,4.12064914528619,465.633353417339,1918.7116797759
1971,19712,46,62183,5.85298286665267,579.445303798614,3391.48343529564
1971,19712,46,62192,1.58370652145213,389.591804277225,616.999081138143
1972,19721,47,62750,1.78792755380098,413.011264928026,738.434220595013
1972,19721,47,62754,6.35142538901708,603.385411956622,3832.35742486382
1972,19721,47,62755,2.13195460731906,396.543556961346,845.41286326643
1972,19721,47,62761,1.79409095819192,279.87818947794,502.126929137497
1972,19722,48,62771,1.81548634860917,312.263651960777,566.910397301634
1972,19722,48,385363,1.96791502730189,141.689881965736,278.833647937002
1972,19723,49,385406,2.40718161562327,120.359080781164,289.726166529734
1972,19723,49,385408,2.6918827802571,148.05355291414,398.542809645457
1972,19723,49,385411,2.43365274488844,163.054733907525,396.818600741102
1972,19723,49,385416,2.28929964198988,231.219263840978,529.330177932313
1972,19723,49,385417,2.42196960944508,179.225751098936,434.079322391591
1972,19723,49,385449,0.545939610776013,32.2104370357848,17.5849534582416
1972,19723,49,385450,0.655275090347839,30.1426541560006,19.7517304253969
1972,19724,50,385481,0.925469711210492,108.279956211628,100.20981980506
1972,19724,50,385483,0.888133950880237,65.7219123651376,58.3698616882544
1972,19724,50,385484,0.878939144628953,101.07800163233,88.8414122955236
1973,19731,51,62806,2.31757986744232,384.718257995425,891.615289367677
1973,19731,51,62817,2.47281515847562,420.378576940855,1039.51851735775
1973,19731,51,385488,0.900360115846252,63.9255682250839,57.556032012674
1973,19731,51,385496,0.950051776880756,119.706523886975,113.727395723039
1973,19732,52,62822,1.93276490697304,465.796342580503,900.274824735988
1974,19741,53,62866,2.45944182646584,794.399709948467,1953.77987357959
1974,19742,54,62880,2.60182367145061,535.975676318826,1394.51420196807
1974,19742,54,62888,1.68341358354605,392.235364966229,660.29434133129
1974,19742,54,62891,2.2186188804656,432.630681690792,959.842598667896
1975,19751,55,64800,1.71497807381206,356.715439352908,611.759157080474
1975,19751,55,64802,1.84702568832033,315.841392702777,583.3671657569
1975,19752,56,64820,2.51995943017677,342.714482504041,863.626592044209
1975,19752,56,64821,2.20205519448501,321.500058394811,707.960873615528
1975,19752,56,64823,2.15758602115182,330.110661236228,712.24214811647
1976,19761,57,61487,1.61388776550169,211.419297280722,341.207017272322
1976,19761,57,64870,2.303416024664,241.85868258972,557.101165181283
1976,19761,57,64874,1.81397088137088,179.583117255717,325.758545487683
1976,19761,57,64882,1.92961722434768,221.905980799983,428.193602737412
1976,19761,57,64883,2.03414961464754,299.019993353188,608.251404251297
1976,19762,58,64890,1.71156301295833,203.675998542042,348.604305731913
1976,19762,58,64892,1.47428500337802,190.182765435764,280.383598982907
1976,19762,58,64894,3.32685259113943,509.008446444333,1693.39606896518
1976,19762,58,64896,2.42331562146806,312.607715169379,757.547159561393
1976,19762,58,64898,3.21483540993736,369.706072142796,1188.54417199351
1976,19762,58,64900,2.04080604824311,246.937531837417,503.951608512026
1976,19762,58,64902,2.49801947280327,294.766297790786,736.33195180751
1976,19762,58,64910,1.64103793946367,196.924552735641,323.160662251101
1976,19764,59,64917,3.82663851172008,466.84989842985,1786.46580052427
1977,19771,60,56131,2.49285099401088,299.142119281305,745.716729400921
1977,19771,60,64923,1.71274671996235,205.529606395483,352.020159209016
1977,19771,60,64925,2.26259113607077,271.510936328493,614.318237883123
1977,19771,60,64926,1.72882678587705,207.459214305246,358.661046667916
1977,19771,60,64927,1.82818775216531,217.554342507672,397.730184402902
1977,19771,60,64928,1.57607245467361,189.128694560833,298.080525885708
1977,19771,60,64931,1.93155504398564,193.155504398564,373.090488794638
1977,19771,60,64932,1.42784921691182,142.784921691182,203.87533862357
1977,19771,60,64937,2.6334504475206,284.412648332225,748.986616031019
1977,19771,60,64938,1.34649775273882,161.579730328659,217.566743775683
1977,19771,60,64940,1.58098387659394,189.718065191272,299.941202165999
1977,19771,60,64941,1.48309248757252,177.971098508702,263.947599203284
1977,19772,61,64942,2.07814743695338,249.377692434405,518.243612365907
1977,19772,61,64945,1.48087032672288,145.125292018842,214.911738607695
1977,19772,61,64955,2.27099751733999,272.519702080799,618.891566851727
1977,19772,61,64961,3.23393285978225,404.241607472781,1307.29021769743
1977,19772,61,64968,1.50081651017186,180.097981220623,270.294023664533
1977,19772,61,64969,2.2433935420447,253.503470251052,568.708048047131
1977,19772,61,64972,1.9886434564528,238.637214774336,474.564335627104
1977,19773,62,56139,3.22584572398773,387.101486878528,1248.72967619639
1978,19781,63,54868,2.21402085408955,265.682502490746,588.22660108121
1978,19781,63,54869,2.1149261369949,251.676210302394,532.276595228359
1978,19781,63,54871,2.33494624284515,294.203226598489,686.94871857906
1978,19781,63,56170,2.15831431059155,410.079719012394,885.08092602781
1978,19781,63,56176,1.78424626623771,240.87324594209,429.777189708732
1978,19781,63,56177,1.89188703598885,315.945135010138,597.732505009425
1978,19781,63,56178,1.81892360344423,218.270832413308,397.017969019986
1978,19781,63,56179,1.63386739865343,196.064087838411,320.342721165902
1978,19781,63,56180,2.14402488148683,315.171657578565,675.735875787891
1978,19782,64,54872,2.39499968929201,287.399962715042,688.32282140506
1978,19782,64,54873,2.10862592517921,269.904118422939,569.126821419249
1978,19782,64,54874,2.4010559594518,288.126715134216,691.808366450278
1978,19782,64,54875,2.56614238013015,333.598509416919,856.061272963003
1978,19782,64,54876,3.00695909566369,306.709827757697,922.263906305452
1978,19782,64,54877,2.64531005824867,330.663757281083,874.708163033946
1978,19782,64,54878,2.81715081198968,287.349382822948,809.506547144402
1978,19782,64,54879,2.7710835850369,368.554116809908,1021.29426328971
1978,19782,64,54880,2.66099144761387,298.031042132753,793.058054238704
1978,19782,64,54881,2.7939217057718,335.270604692616,936.719819757936
1978,19782,64,56182,2.05768353102141,246.922023722569,508.087381660409
1978,19782,64,56183,2.68037273409183,318.964355356928,854.943361245886
1978,19783,65,243307,2.34190137589121,103.043660539213,241.318090393649
1978,19783,65,243308,2.31296448005766,323.815027208073,748.972656041177
1978,19783,65,243309,2.38247199525848,28.5896639431017,68.1140736982909
1978,19783,65,243310,2.61643559363381,34.0136627172395,88.9945578032406
1979,19791,66,64996,1.63466764593249,341.64553799989,558.476907345617
1979,19791,66,65000,1.43629958432306,320.294807304042,460.039298591629
1979,19791,66,65001,3.13601626815604,376.321952178725,1180.15176409672
1979,19791,66,65003,1.66357059176087,427.537642082545,711.239048239308
1979,19791,66,65006,2.69360029831336,323.232035797604,870.65790804886
1979,19792,67,56205,1.90125637863817,228.15076543658,433.773098077477
1979,19792,67,65023,2.30555862240133,276.667034688159,637.872067359492
1979,19794,68,56216,3.15883646915113,379.060376298135,1197.3897406607
1979,19794,68,56217,2.8586667785343,343.040013424116,980.637090083482
1980,19801,69,56219,2.507968446728,288.41637137372,723.339158925075
1980,19801,69,65032,2.56244060263604,348.491921958501,892.989850517134
1980,19801,69,65036,2.07954520550101,274.499967126133,570.835090547333
1980,19801,69,65037,1.66310810531313,199.572972637575,331.911428394987
1980,19801,69,65038,1.38542059959227,166.250471951072,230.326828532951
1980,19801,69,65039,2.04812598845599,245.775118614719,503.378407750658
1980,19802,70,65044,2.39654958739693,287.585950487632,689.213990982288
1980,19804,71,56223,3.00427328194106,393.559799934278,1182.36119178862
1980,19804,71,68143,2.41969291161277,379.891787123204,919.221464481924
1980,19804,71,68147,1.10558424013419,147.042703937847,162.568096100401
1981,19811,72,65046,1.59097999428521,190.917599314225,303.746081065891
1981,19811,72,68151,2.57520328181113,139.060977217801,358.110284903143
1981,19811,72,68157,2.85026480656475,219.470390105485,625.548729000701
1981,19811,72,68159,1.87268682618242,241.576600577532,452.397317415475
1981,19811,72,68163,2.91731534801094,265.475696668996,774.476324416358
1981,19811,72,68165,3.19163308444779,395.762502471526,1263.12869647197
1981,19811,72,68167,3.18537733659637,258.015564264306,821.876930896643
1981,19811,72,68169,2.92128581676272,254.151866058356,742.450241620055
1981,19811,72,68171,2.69671597658026,248.097869845384,669.049489367577
1981,19811,72,68177,2.83608257837651,246.739184318757,699.772702049257
1981,19811,72,68179,2.69728648120489,283.215080526514,763.912207977521
1981,19811,72,68183,2.80884985537645,210.663739153234,591.722813253622
1981,19811,72,68185,2.65289976045228,254.678377003419,675.636205344747
1981,19811,72,68564,0.702357817707846,105.353672656177,73.9959756142991
1981,19811,72,68566,0.661950609678027,157.54424510337,104.28650909744
1981,19811,72,68586,0.999874011501189,172.978203989706,172.956410725458
1981,19811,72,68590,0.802736978873068,63.4162213309724,50.9065459227706
1981,19811,72,68600,0.720091302804158,81.3703172168698,58.5940577342834
1981,19811,72,68602,0.765132926088453,65.0362987175185,49.7614135396976
1981,19811,72,68606,0.754478759604762,61.1127795279857,46.108294094274
1981,19812,73,56226,2.25229436444,270.2753237328,608.739588490582
1981,19812,73,68632,0.871837326245559,33.1298183973313,28.8838122905302
1981,19812,73,68642,0.886369069176768,80.6595852950859,71.4941615381894
1981,19813,74,68762,2.38738488241907,262.612337066098,626.956723448345
1981,19813,74,68764,2.19104078741218,164.328059055914,360.049479907786
1981,19813,74,68766,2.60216944548615,197.764877856948,514.61772254965
1981,19814,75,72754,1.37936875314236,161.386144117656,222.611004386023
1981,19814,75,72756,1.58671488685073,547.416635963502,868.594125593034
1981,19814,75,72762,2.56108062650842,233.058337012266,596.881191768387
1981,19814,75,72764,0.925385432605995,65.7023657150256,60.8000121204363
1982,19821,76,56245,1.75714065751089,258.299676654101,453.868863670838
1982,19821,76,56246,1.61884891986264,320.532086132802,518.893021417405
1982,19821,76,65058,1.73726162641436,396.095650822475,688.121774563508
1982,19821,76,65061,2.79284749792515,485.955464638976,1357.19950352002
1982,19821,76,65067,1.91826004619136,341.450288222062,654.990445656906
1982,19821,76,65068,2.33381691316461,415.419410543301,969.512846382828
1982,19821,76,65071,3.13815265620207,505.242577648533,1585.52833707412
1982,19821,76,65074,1.70943632032789,620.525384279025,1060.74862957199
1982,19821,76,72880,2.05614078014014,205.614078014014,422.771490775531
1982,19821,76,72884,2.35519169737111,299.10934556613,704.459847283455
1982,19821,76,72896,2.05399207274976,688.087344371171,1413.32595069782
1982,19821,76,72900,2.11530848846191,209.415540357729,442.97847013454
1982,19821,76,72928,2.78406920495741,261.702505265996,728.597885771265
1982,19821,76,72930,2.97564093097636,270.783324718848,805.753944459267
1982,19821,76,72938,1.50070752338936,157.574289955883,236.47292242953
1982,19821,76,72952,1.36686573598756,114.816721822955,156.939042978212
1982,19821,76,72954,0.64208071531523,15.4099371675655,9.89442347951321
1982,19821,76,80615,2.69062946746952,258.300428877074,694.99074539667
1982,19821,76,80617,2.32919145447763,170.030976176867,396.034696707648
1982,19821,76,80623,2.82597503692115,175.210452289112,495.140364376694
1982,19821,76,80625,2.98301324183768,247.590099072527,738.564544081252
1982,19822,77,65077,1.69437598641146,315.153933472531,533.989256898969
1982,19823,78,80853,1.6518460372905,140.406913169693,231.930603127548
1983,19831,79,66041,2.41472654331279,306.670271000725,740.524843430378
1983,19831,79,81079,1.56353406584011,132.90039559641,207.794295878614
1983,19831,79,81097,2.76103183500658,220.882546800527,609.863743513585
1985,19852,80,66086,2.3311628148405,456.907911708738,1065.12673358184
1985,19852,80,66087,2.34542472348146,565.247358359032,1325.74512917786
1985,19853,81,66090,3.40551354727488,1038.68163191884,3537.24436880518
1986,19861,82,66102,2.0803699569139,422.315101253522,878.57164899888
1986,19863,83,54923,1.42650959790026,285.301919580052,406.985926580313
1987,19871,84,54943,1.29952956400714,583.488774239207,758.260912390139
1987,19871,84,66110,1.43905314439653,546.840194870682,786.932101911066
1987,19872,85,66117,1.58209525473392,446.150861834964,705.853161404543
1987,19872,85,66119,1.73473549072075,511.746969762622,887.74563071602
1987,19873,86,66122,1.87111146496649,748.444585986597,1400.42324573162
1989,19892,87,66137,2.00561051185735,397.110881347755,796.449758003992
1990,19902,88,66146,2.50501534000671,528.558236741416,1324.04649112414
1990,19903,89,55631,2.59170514631567,901.913390917854,2337.49357677282
1990,19904,90,55644,1.44415804738677,478.01631368502,690.33110619038
1991,19911,91,66154,1.66813927784539,463.742719241018,773.587444780769
1991,19912,92,55659,1.86125753397897,461.591868426784,859.14134273278
1991,19912,92,66157,1.73026017345681,494.854409608649,856.226876605329
1991,19913,93,66158,1.63216163413332,510.866591483729,833.816850780202
1991,19914,94,55679,2.59424388188903,451.398435448692,1171.03762945705
1993,19934,95,55723,1.79190070910931,326.125929057894,584.385283537771
1994,19941,96,66186,2.04631558557254,482.930478195119,988.228164278673
1994,19941,96,66188,3.0850354028643,308.50354028643,951.744343692612
1994,19943,97,55733,3.41896261342248,420.532401450965,1437.78455829362
1994,19943,97,55735,3.25997457292619,257.537991261169,839.567303073898
1994,19943,97,66189,3.37040688240813,367.374350182486,1238.20103827527
1994,19944,98,55738,3.24003618903073,369.364125549503,1196.75313371008
1996,19962,99,55765,2.58831485516736,111.297538772196,288.073072947641
1996,19962,99,55766,2.24456472514318,161.608660210309,362.741097985711
1997,19972,100,87780,2.55721076883818,544.685893762531,1392.87663316379
1997,19973,101,87706,2.02767215975577,216.960921093867,439.925619457002
1998,19981,102,92483,0.784920066198849,57.299164832516,44.9752642534772
1998,19981,102,92571,0.205830707466147,45.2827556425523,9.32058162992318
1998,19981,102,92707,2.15090318287,316.18276788189,680.078521805805
1998,19981,102,93183,1.73280696045145,91.8387689039267,159.138857996016
1998,19981,102,93291,1.90549379875721,320.122958191211,609.992311673165
1998,19981,102,93317,1.46737195026427,96.8465487174417,142.109909067876
1998,19981,102,93343,0.242546753887587,33.4714520364871,8.11839203935401
1998,19981,102,93419,0.232141234646632,27.6248069229492,6.41285678596826
1998,19981,102,93643,2.05103223060532,123.061933836319,252.403992658911
1998,19981,102,93645,0.336498502385545,35.3323427504823,11.8892804213101
1998,19982,103,94195,3.01554750874574,307.585845892065,927.539731305268
1998,19982,103,94659,1.77791420005979,304.023328210223,540.527392374393
1998,19982,103,94661,1.76069337875629,318.685501554888,561.107452493319
1998,19982,103,94667,2.83123238841766,317.098027502778,897.778205769222
1998,19982,103,94991,1.37173969857638,138.545709556214,190.048649865692
1998,19982,103,95005,3.73418747474545,246.4563733332,920.314302372025
1998,19983,104,95719,1.87574229148931,93.7871145744656,175.920457204079
1998,19983,104,95721,0.318831446369837,16.8980666576014,5.38763503329696
1998,19984,105,100103,1.38023501463751,81.433865863613,112.397873042253
1999,19991,106,100997,1.29037535141422,254.203944228601,328.018503864861
1999,19991,106,101131,1.22235467652264,198.021457596667,242.052454745115
1999,19991,106,101201,1.15793702525666,71.7920955659127,83.1307255765345
1999,19991,106,101301,1.3574623783822,74.6604308110209,101.348725979768
1999,19991,106,101303,1.42125344524588,81.0114463790149,115.137797270527
1999,19992,107,100547,4.13728941832275,525.435756126989,2173.87979383261
1999,19992,107,100549,1.65697013486467,248.545520229701,411.832504175017
1999,19992,107,114780,1.18497458915765,125.607306450711,148.841466356629
1999,19992,107,114862,4.10129607594723,746.435885822396,3061.35456946959
1999,19992,107,115518,2.77091282746318,249.382154471686,691.016210766001
2000,20001,108,137292,0.161406876087864,24.5338451653553,3.95993130656334
2000,20001,108,144080,4.71776790734465,316.090449792091,1491.24137984726
2000,20002,109,166933,2.282345361394,139.223067045034,317.755121269278
2001,20011,110,179066,0.946884723544172,155.289094661244,147.040871467737
2001,20014,111,191497,0.239858241849861,47.7317901281224,11.448863260478
2002,20021,112,201197,0.692323475262271,65.0784066746534,45.0553086735274
2002,20021,112,201199,0.608100172544296,138.646839340099,84.3111669254357
2002,20021,112,201200,0.74632947842149,132.846647159025,99.1473688842391
2002,20021,112,201219,2.89193161246338,465.600989606604,1346.48622063757
2002,20022,113,209024,0.40068703327574,57.6989327917065,23.1192142034852
2002,20022,113,209063,1.91225964835236,449.381017362804,859.333186238422
2002,20022,113,209074,1.7422816894665,196.877830909715,343.016639855878
2002,20022,113,209144,1.53174362982969,148.57913209348,227.585139109813
2002,20022,113,209160,1.86994789442336,198.214476808876,370.650743552986
2002,20024,114,223734,0.463694214952473,52.861140504582,24.5114050477645
2002,20024,114,226897,2.65924537002664,390.909069393916,1039.5231328872
2003,20031,115,227480,0.854370987968257,86.2914697847939,73.7249282932674
2003,20031,115,227487,1.50556707244915,170.129079186754,256.14073968967
2003,20031,115,227498,3.20718847732286,477.871083121107,1532.62263143181
2003,20031,115,227522,0.208944934985441,29.0433459629763,6.06846003399376
2003,20031,115,227543,1.3990776218178,291.008145338102,407.142983909241
2003,20031,115,227545,0.306572123869248,63.1538575170651,19.3612122295425
2003,20031,115,227546,0.897668157638861,126.571210227079,113.618945094663
2003,20031,115,227547,2.20063615534971,85.8248100586386,188.869180041061
2003,20031,115,227548,1.11704566805933,65.9056944155006,73.6196704472771
2003,20031,115,227552,1.09486812519138,59.1228787603347,64.7317554242452
2003,20031,115,227568,0.215130284553361,14.6288593496285,3.14711067457668
2003,20031,115,230787,1.6851859441391,364.000163934046,613.407959925985
2003,20032,116,238014,1.79137958234766,288.412112757973,516.655570096385
2003,20032,116,238021,1.13514178878111,113.514178878111,128.854688063717
2003,20032,116,238033,4.2207966805156,181.494257262171,766.050358584815
2003,20032,116,238035,0.949528472999062,62.6688792179381,59.5058851883713
2003,20032,116,238045,3.07440442686581,507.276730432859,1559.5738256888
2003,20032,116,238055,1.52365160842298,121.892128673838,185.721137907994
2003,20032,116,238056,1.05415954524945,166.557208149412,175.577870800802
2003,20032,116,238068,0.291114275118586,52.1094552462269,15.1698062908297
2003,20032,116,238073,2.93146852753381,243.311887785306,713.261141417464
2003,20032,116,238075,3.07685820387062,504.604745434782,1552.59725070306
2003,20032,116,238080,1.96231456719905,278.648668542265,546.796341411105
2003,20032,116,238081,1.88141784520304,163.683352532664,307.956780417614
2003,20033,117,241837,1.52909711129103,105.507700679081,161.331520327341
2003,20033,117,241842,2.19338285056257,195.211073700069,428.172621293636
2003,20033,117,241845,2.43726662803012,170.608663962109,415.818803127652
2003,20034,118,248051,0.801457694786542,147.468215840724,118.189536321991
2003,20034,118,248062,1.38011030369704,129.730368547522,179.04221833485
2003,20034,118,248082,1.07237804190923,124.39585286147,133.399381113212
2004,20041,119,253450,1.19985311991478,173.978702387643,208.748888858538
2004,20041,119,253452,1.10445436925834,102.714256341025,113.443209200966
2004,20041,119,253464,0.402475137641295,23.3435579831951,9.39520171232403
2004,20041,119,253468,1.20489467036742,100.006257640496,120.497006834424
2004,20041,119,253473,0.190049232414253,36.4894526235366,6.9347924623194
2004,20041,119,253474,0.695116621646691,66.7311956780824,46.3859632981929
2004,20041,119,253477,1.54663455379289,81.9716313510232,126.780157478265
2004,20041,119,253480,0.636995966488107,91.0904232077993,58.0242321690628
2004,20041,119,253489,1.48289893243895,237.263829190233,351.838279012575
2004,20041,119,253497,0.74517694019893,58.1238013355166,43.3125164319307
2004,20041,119,253498,0.748984576999523,116.092609434926,86.951573970389
2004,20041,119,253500,0.820073738131799,85.2876687657071,69.9421773412401
2004,20041,119,253501,0.906166019173365,100.584428128244,91.1461908277999
2004,20041,119,253503,0.155524303234329,9.48698249729405,1.47545634268793
2004,20041,119,253514,1.06519014750781,215.168409796578,229.195270170238
2004,20041,119,253516,0.933673128543247,129.780564867511,121.172626023959
2004,20041,119,253519,1.09613200366251,42.7491481428379,46.8587094086743
2004,20041,119,253520,1.23413069332707,273.977013918609,338.123442143052
2004,20041,119,253529,0.802956185245827,113.216822119662,90.9081475948589
2004,20041,119,253550,0.312054842602799,50.8649393442562,15.8726506410728
2004,20041,119,253551,0.927816332020256,117.832674166573,109.327079537367
2004,20041,119,253552,0.857180859461878,77.146277351569,66.1283123245023
2004,20041,119,253553,0.955088153334155,104.104608713423,99.4290784896778
2004,20041,119,253554,0.760473974155388,60.837917932431,46.2656532294152
2004,20041,119,253557,0.348503670557278,81.8983625809603,28.5418799720955
2004,20041,119,253563,1.26005996294986,255.792172478822,322.313475376528
2004,20042,120,260336,1.29236026749786,195.146400392177,252.199454212078
2004,20042,120,260338,0.991233534778162,151.658730821059,150.329219831728
2004,20042,120,260339,4.42818024071674,172.699029387953,764.742429526691
2004,20042,120,260340,0.96047683391904,76.8381467135232,73.8012598796115
2004,20042,120,260341,1.70182844255131,180.393814910438,306.99932507492
2004,20042,120,260343,2.42032458166921,133.117851991806,322.188409434772
2004,20042,120,260347,0.912499611178908,105.849954896753,96.5880426865923
2004,20042,120,260351,0.97079487098167,228.136794680692,221.474030158214
2004,20042,120,260352,2.48192109624915,196.071766603683,486.634653912519
2004,20042,120,260353,1.00270075047542,70.1890525332793,70.3786156502777
2004,20042,120,260354,3.73911650528321,456.172213644552,1705.68105328992
2004,20042,120,260361,0.344477669623698,32.7253786142513,11.2731621625905
2004,20042,120,260362,5.15413037901047,340.172605014691,1753.29395761335
2004,20042,120,260364,1.09494641523714,77.7411954818366,85.1224433090863
2004,20042,120,260367,3.04972106987188,347.668201965395,1060.29104085834
2004,20042,120,260375,1.22436485519082,101.622282980838,124.422751785995
2004,20042,120,260376,1.14204234924031,295.788968453241,337.803528411707
2004,20042,120,260379,1.55665265788743,110.522338710008,172.044892308868
2004,20042,120,260380,1.03850550956233,189.008002740344,196.285852197219
2004,20042,120,260385,1.3166472201511,142.197899776319,187.224469451814
2004,20042,120,260386,0.278430212136116,25.3371493043865,7.05462785574477
2004,20042,120,260387,1.78752420915443,175.177372497134,313.133794234689
2004,20042,120,260391,1.46081391023848,219.122086535772,320.096592051936
2004,20042,120,260399,1.22576963222964,110.319266900668,135.226007216675
2004,20042,120,260404,1.17793699727011,197.893415541379,233.105975682338
2004,20042,120,260405,1.59107242438314,241.843008506238,384.789741864132
2004,20042,120,260406,0.757238089870761,102.984380222423,77.983695366152
2004,20042,120,260409,2.20128828165949,266.355882080798,586.326081975538
2004,20042,120,260410,2.11951961946303,364.557374547642,772.68650777366
2004,20042,120,260412,1.14777706175862,17.2166559263792,19.7608827524886
2004,20042,120,260415,3.4761667697144,288.521841886295,1002.95003910193
2004,20042,120,260418,0.697398331960112,64.1606465403303,44.7455278747086
2004,20042,120,260419,1.27148562425909,246.668211106264,313.635084383321
2004,20042,120,262615,1.81359761959873,310.125192951383,562.442311714224
2004,20042,120,262625,2.34504806041588,311.891392035313,731.40030395282
2004,20043,121,267377,1.43467513857014,175.030366905557,251.111715894213
2004,20043,121,267401,1.40902555707804,71.8603034109802,101.253004045454
2004,20043,121,267403,2.00093845774644,460.21584528168,920.863583688397
2004,20043,121,267406,1.074218023036,84.863223819844,91.1616045202144
2004,20043,121,267414,1.17447333137033,125.668646456625,147.594473852713
2004,20044,122,267417,1.45218008713934,238.157534290851,345.847628899378
2004,20044,122,270078,0.762029005816762,61.7243494711577,47.0357446621926
2004,20044,122,270105,1.06436677361974,57.4758057754657,61.1753379544271
2004,20044,122,270138,1.38981192189888,111.18495375191,154.52617426018
2004,20044,122,270144,1.25694024279738,40.222087769516,50.5567607668328
2005,20051,123,272195,1.83051169424457,113.491725043163,207.7479298915
2005,20051,123,272198,1.20669453061558,125.496231184021,151.435615782627
2005,20051,123,272199,1.27809211777107,104.803553657228,133.948595843701
2005,20051,123,272203,1.47194367592412,30.9108171944065,45.498981886953
2005,20051,123,272215,1.61272177846516,183.850282745029,296.499354959885
2005,20051,123,272576,0.278303940757629,35.9012083577341,9.99144776391811
2005,20051,123,272588,0.994365230256895,122.306923321598,121.617751970693
2005,20051,123,272598,0.926163710243504,73.1669331092368,67.7645582355891
2005,20051,123,272599,1.35722783171894,101.792087378921,138.155054039438
2005,20051,123,272601,1.35561738626676,344.326816111757,466.775418478976
2005,20051,123,272602,2.0788328181405,376.268740083431,782.199805325814
2005,20051,123,272603,3.35131587404575,599.885541454189,2010.40593768595
2005,20051,123,272608,1.05738850480939,78.2467493558946,82.7372133076241
2005,20051,123,272615,3.7105235353573,768.078371818962,2849.97287563318
2005,20051,123,272619,1.32053690678575,200.721609831434,265.060293771858
2005,20051,123,272624,3.25606343222834,520.970149156534,1696.31185195114
2005,20051,123,287383,3.42410857085171,277.352794238988,949.686079903391
2005,20052,124,288879,0.357850911218831,86.2420696037384,30.8618031930957
2005,20052,124,288881,3.68563003659376,586.015175818407,2159.83513389609
2005,20052,124,288892,2.33380797958695,254.385069774977,593.685905728624
2005,20052,124,288893,1.39169392266064,65.4096143650502,91.0301627954166
2005,20052,124,288902,0.410593300133504,50.502975916421,20.7361835480861
2005,20052,124,288903,1.09782937545693,34.032710639165,37.362109466101
2005,20052,124,288908,1.26475401042693,65.7672085422004,83.1793407583323
2005,20052,124,288911,1.86418827088786,130.49317896215,243.263853652111
2005,20052,124,288915,1.65941781768828,207.427227211035,344.208436707668
2005,20052,124,288918,1.14037853398368,120.88012460227,137.849099281702
2005,20052,124,288926,0.660199670872922,58.0975710368171,38.3559972770228
2005,20052,124,288929,1.92993198014647,171.763946233036,331.492732871296
2005,20052,124,288931,0.515747741234774,80.9723953738595,41.7613300164371
2005,20052,124,288937,0.62183253082201,95.1403772157676,59.1613815474415
2005,20052,124,288938,3.2835530967665,177.311867225391,582.212930721384
2005,20052,124,288944,0.652514160855175,99.1821524499867,64.7177589777131
2005,20052,124,288945,1.57902009869355,126.321607895484,199.464357766255
2005,20052,124,288950,1.39260622412211,115.586316602135,160.966223923482
2005,20053,125,288952,2.47294083735375,185.470562801531,458.657728878891
2005,20053,125,293770,2.52500530995513,207.050435416321,522.803448854733
2005,20053,125,293780,1.00054342708082,44.023910791556,44.0478345768836
2005,20054,126,298051,2.41929338701687,430.634222889003,1041.83052765852
2005,20054,126,298058,1.44591485277646,117.119103074893,169.344250679846
2005,20054,126,298070,0.987383757281338,53.3187228931922,52.6460409437226
2005,20054,126,298072,1.90715212658998,268.908449849187,512.84932198789
2006,20061,127,302254,4.13513908836193,326.675987980593,1350.8506471278
2006,20061,127,302544,2.0398291007688,197.863422774574,403.607567753295
2006,20061,127,302545,1.7900519188832,193.325607239386,346.062874208122
2006,20061,127,302548,0.997930989713534,49.8965494856767,49.7933130115317
2006,20061,127,302550,0.998603175607989,49.9301587803995,49.860415116718
2006,20061,127,302555,1.05865738818965,139.742775241034,147.939721455046
2006,20061,127,302604,0.196856307535031,28.7410209001145,5.65785124918371
2006,20061,127,302606,1.84505156002435,319.193919884212,588.929239832652
2006,20061,127,302611,1.29859291182896,262.315768189451,340.64139723179
2006,20061,127,302613,1.29615241815459,114.061412797604,147.840976015743
2006,20061,127,302623,1.27816238526072,38.3448715578215,49.0109724928609
2006,20061,127,302624,4.82391403449508,284.610928035209,1372.93865011971
2006,20061,127,302625,0.829003695578973,90.3614028181081,74.9099368739119
2006,20061,127,302628,1.13582402474982,102.224162227484,116.108659367899
2006,20062,128,302633,1.92740970125145,159.975005203871,308.337376987692
2006,20062,128,309414,1.24190521811291,73.2724078686619,90.9973856757889
2006,20062,128,309415,2.51338919482069,266.419254650993,669.615275931988
2006,20062,128,309420,5.15748479976727,412.598783981381,2127.97195678643
2006,20062,128,309431,1.15942831729439,53.333702595542,61.8366050554288
2006,20062,128,309457,0.93864758943961,125.778776984908,118.061945819546
2006,20062,128,309460,1.15315319724464,116.468472921708,134.305991927868
2006,20062,128,309461,1.37827678151203,57.8876248235051,79.7851692311163
2006,20063,129,309467,2.2823722963169,104.989125630577,239.624271753765
2007,20072,130,322581,1.68621814531262,75.8798165390679,127.949923511169
2007,20072,130,323762,3.90083352774011,113.124172304463,441.278564123099
2007,20072,130,323851,0.427599710950891,20.5247861256428,8.77639261465371
2007,20073,131,327494,0.372919531550006,60.412964111101,22.5291742758591
2008,20081,132,333605,0.859321717080687,69.6050590835356,59.8131388891665
2008,20082,133,337913,0.420921354234094,64.8218885520505,27.2849171133406
2008,20084,134,344994,1.24692076145682,49.8768304582729,62.1924554140824
2009,20091,135,349269,0.222085718908753,11.9926288210727,2.66339159333376
2009,20091,135,349897,1.28084130868795,37.1443979519506,47.5760792832024
2009,20091,135,350267,2.33972465516831,449.227133792315,1051.06780070447
2009,20092,136,349146,1.56804908973667,235.2073634605,368.816692173598
2009,20092,136,351843,1.93129751009085,202.786238559539,391.640557610726
2009,20092,136,351844,0.476745910255549,41.0001482819772,19.5466530133037
2009,20092,136,351847,0.855950665844717,56.4927439457513,48.3550017957609
2009,20092,136,351924,0.624828877418938,71.2304920257589,44.5068683704536
2009,20092,136,351927,0.497436315202691,48.251322574661,24.0019601051958
2009,20092,136,351984,0.495842247613921,45.6174867804807,22.6190771757319
2009,20094,137,355510,0.945041004577369,103.009469498933,97.3481725362537
2010,20101,138,356202,0.8667120920737,68.4702552738223,59.3439981931948
2010,20101,138,365326,0.932069359198628,114.644531181431,106.856654713904
2010,20101,138,365380,1.03960648207406,126.831990813036,131.85535978359
2010,20101,138,365384,1.03765288074438,175.3633368458,181.966271654992
2010,20101,138,365386,1.18807673000725,136.628823950833,162.325526384242
2010,20101,138,365401,1.07337444818021,171.739911708833,184.341232960986
2010,20101,138,365467,0.5169444206214,37.7369427053622,19.5079019828464
2010,20101,138,365478,0.475258361894486,79.3681464363791,37.7203752619552
2010,20101,138,365479,0.445943128084771,43.7024265523075,19.488796801631
2010,20101,138,365493,1.15753368802071,186.362923771334,215.721362463355
2010,20101,138,365512,0.532076136259014,122.909587475832,65.3972584133302
2010,20101,138,365597,1.45009768612868,290.019537225736,420.556659863149
2010,20101,138,365745,1.08996105547067,79.5671570493591,86.7251024783201
2010,20101,138,365872,1.09241598832265,119.073342727169,130.077623378182
2010,20101,138,365883,1.09477290792741,49.2647808567335,53.9337473969328
2010,20101,138,365914,0.986342249498254,60.1668772193935,59.3451330218619
2010,20101,138,366171,2.05346618889766,104.726775633781,215.05289283624
2010,20101,138,366285,1.65352194202592,171.966281970695,284.350020527161
2010,20101,138,366313,2.42504977701596,317.681520789091,770.393501151676
2010,20102,139,368784,1.48447173204951,308.770120266298,458.360515236847
2010,20102,139,369148,1.43193430304052,118.850547152363,170.186175402604
2010,20102,139,369224,1.70238378290716,120.869248586408,205.765848645675
2010,20102,139,369232,1.21964657875802,104.88960577319,127.928248828549
2010,20102,139,369355,2.04249205889605,134.80447588714,275.337071503127
2010,20102,139,369365,2.22897988641506,149.341652389809,332.879539380873
2010,20102,139,369373,1.50259709771579,174.301263335032,261.904572415416
2010,20102,139,369409,1.32835471217445,45.1640602139312,59.9938922061059
2010,20102,139,369474,1.45673875792666,80.1206316859664,116.714829486514
2010,20102,139,369517,1.53610609038247,95.2385776037133,146.296559096428
2010,20102,139,369618,1.36482562785411,141.941865296828,193.725895422526
2010,20102,139,369718,1.65976030668812,175.934592508941,292.00925321969
2010,20103,140,372353,0.789199648355857,130.217941978716,102.767954019226
2010,20103,140,372514,1.65887249735431,147.639652264533,244.915358660588
2010,20103,140,372635,1.4595845161396,119.685930323447,174.691730699867
2010,20104,141,375913,1.89061416534775,213.639400684296,403.909677210134
2010,20104,141,376055,1.91217100299249,135.764141212467,259.604254072656
2011,20111,142,381310,1.53963065961947,112.393038152221,173.04376746694
2011,20111,142,381373,1.50148423072699,85.5846011514382,128.503929021943
2011,20111,142,381475,2.09229318394726,140.183643324466,293.305281428674
2011,20111,142,381506,1.86000306373331,91.140150122932,169.520958457767
2011,20111,142,381510,1.72115153671262,177.2786082814,305.123349069805
2011,20111,142,381636,1.84900686660572,144.222535595246,266.668458634897
2011,20111,142,381961,1.61411431084342,41.9669720819288,67.7394902202074
2011,20111,142,381962,1.60050227153292,60.8190863182508,97.3410858049169
2011,20111,142,382389,2.47575017309993,86.6512560584975,214.526862186152
2011,20111,142,382618,1.95453636924068,123.135791262163,240.673382377125
2011,20112,143,383748,2.20546780974871,141.149939823917,311.301648629616
2011,20112,143,383894,2.05703398694866,209.817466668764,431.601659993115
2011,20112,143,384159,1.69852220914062,95.1172437118746,161.55875091686
2011,20112,143,384178,2.42847897325654,165.136570181444,401.03068840134
2011,20112,143,384238,2.60361087396288,148.405819815884,386.391006232011
2011,20112,143,384377,2.69449586746301,202.087190059726,544.523098483144
2011,20112,143,384441,2.13115114960311,200.328208062692,426.929690910738
2011,20112,143,384504,2.63945038184982,285.060641239781,752.403418370696
2011,20113,144,384581,2.38526376644521,178.894782483391,426.711242663729
2011,20113,144,385989,2.63755207351824,116.052291234803,306.093961382896
2011,20113,144,385991,2.58986519255883,170.931102708883,442.688513231435
2011,20113,144,386316,2.12593787090552,29.7631301926773,63.2745656333044
2012,20121,145,394318,0.576829204104888,62.8743832474328,36.2677804472023
2012,20121,145,394577,2.0029712774251,298.442720336339,597.772196790298
2012,20121,145,395132,3.39536696738412,522.886512977154,1775.39159385329
2012,20122,146,397681,2.67432536975189,155.11087144561,414.816938631318
2012,20122,146,397797,3.43381327856467,178.558290485363,613.135828866446
2012,20122,146,397816,2.73089607236349,215.740789716716,589.165675285977
2012,20122,146,397875,2.24916410786736,141.697338795644,318.700568599483
2012,20122,146,397985,2.45777266992151,125.346406165997,308.072971347669
2012,20122,146,398009,4.53991564174287,272.394938504572,1236.65004204849
2012,20122,146,398527,2.66723394634209,309.399137775682,825.239883244272
2012,20123,147,402569,2.38720078096858,133.683243734241,319.128743844792
2012,20123,147,402707,2.35108156019536,228.05491133895,536.175696760991
2012,20123,147,402790,2.10217411396551,407.821778109309,857.312385052775
2012,20123,147,402848,1.57054038360476,141.348634524428,221.993738688004
